crop,state,N,P,K,pH,rainfall,temperature,humidity
groundnut,Assam,56.6,38.95,27.02,6.3,446.5,33.0,73.0
cotton,Punjab,83.32,76.93,40.04,8.0,932.2,34.2,60.2
banana,West Bengal,31.4,39.34,45.47,6.1,1542.1,28.8,89.7
cotton,Maharashtra,76.45,38.53,43.25,7.9,1175.9,37.1,67.6
pomegranate,Punjab,54.21,32.61,25.49,7.0,427.5,33.6,62.8
tomato,Rajasthan,39.03,35.6,44.13,6.2,787.8,27.3,79.1
sugarcane,Kerala,83.64,46.33,68.52,7.3,1172.8,37.7,78.7
barley,Odisha,27.05,47.09,23.35,8.0,1017.8,23.0,55.2
chickpea,Jharkhand,31.34,43.71,33.18,7.9,560.4,26.9,67.0
lentil,Punjab,12.86,31.12,35.07,7.5,536.5,18.6,61.2
cotton,Maharashtra,98.3,72.45,76.09,6.9,679.2,25.6,77.8
onion,Odisha,34.08,46.87,41.64,6.6,678.2,19.7,74.1
barley,Bihar,30.15,52.71,46.95,7.4,1104.4,29.4,63.9
pomegranate,Madhya Pradesh,42.83,23.74,38.74,7.8,659.5,21.8,65.7
rice,Uttar Pradesh,33.68,34.22,60.9,7.3,606.3,27.7,66.7
maize,Uttar Pradesh,25.99,28.5,62.43,6.6,815.0,30.5,65.9
banana,Gujarat,37.55,27.43,48.54,6.4,844.3,31.1,80.1
orange,Maharashtra,37.25,40.37,50.63,7.1,758.2,28.3,72.8
chickpea,Jharkhand,31.85,31.03,33.97,7.5,514.3,16.2,66.7
soybean,Telangana,22.04,38.64,50.49,6.0,809.7,23.4,74.4
grapes,Tamil Nadu,54.55,30.47,62.15,6.3,672.9,21.7,82.7
onion,Haryana,35.28,25.25,59.38,6.5,504.3,30.0,79.5
maize,Maharashtra,64.13,22.55,32.55,7.4,1077.3,32.8,67.1
rice,Bihar,76.14,50.34,53.45,6.9,935.1,34.1,88.9
mango,Kerala,46.46,32.3,64.34,6.3,1654.6,27.4,76.5
grapes,Andhra Pradesh,62.46,41.3,45.57,6.2,694.2,24.0,62.3
soybean,Madhya Pradesh,39.65,50.68,48.4,7.6,802.1,28.7,69.8
maize,Telangana,34.04,15.97,49.05,6.4,1152.4,34.3,82.4
cotton,Tamil Nadu,97.18,46.54,67.64,7.4,1186.2,26.1,67.6
rice,Haryana,30.17,40.06,66.81,7.0,1113.1,21.5,74.6
orange,Punjab,32.71,26.81,34.51,7.7,509.3,30.6,71.6
onion,Haryana,36.53,38.35,27.86,6.0,651.2,20.3,66.1
sunflower,Telangana,22.54,50.46,21.24,7.2,750.8,30.1,64.8
orange,Jharkhand,21.87,47.9,36.21,6.3,817.8,31.5,61.5
maize,Karnataka,24.27,17.07,43.91,7.1,909.9,30.9,84.3
onion,Jharkhand,42.95,33.01,51.04,6.3,473.7,19.0,71.4
lentil,Uttar Pradesh,15.2,24.69,22.51,7.3,585.8,23.6,55.6
coconut,Karnataka,49.71,25.89,67.85,6.1,1479.2,26.6,72.4
sunflower,Maharashtra,24.71,27.46,64.08,6.4,413.7,31.5,79.2
sugarcane,Uttar Pradesh,67.88,62.49,42.4,7.9,1120.7,28.9,60.4
apple,Uttar Pradesh,46.97,42.36,47.71,7.9,1155.4,33.0,74.1
grapes,Gujarat,39.41,40.73,40.62,7.1,1153.2,25.8,83.8
onion,Bihar,33.81,22.08,28.53,6.0,437.8,26.2,66.1
tomato,West Bengal,26.05,44.43,34.86,6.1,678.7,25.5,78.2
sugarcane,Rajasthan,50.65,67.53,80.34,8.0,788.8,30.6,79.4
maize,Gujarat,41.45,45.03,53.95,6.2,1122.0,27.6,79.8
orange,Odisha,64.78,30.57,20.49,7.8,473.0,24.8,83.5
grapes,Assam,24.16,18.67,47.11,7.1,570.2,34.2,78.4
groundnut,Odisha,66.55,53.97,64.82,6.1,989.6,28.2,76.2
barley,Gujarat,54.4,48.48,59.01,7.7,740.9,23.3,66.9
wheat,Maharashtra,50.8,25.5,49.07,7.3,1392.3,23.6,86.3
mustard,Rajasthan,37.51,43.33,41.68,6.8,964.1,23.7,64.9
cotton,Odisha,40.68,53.43,42.82,6.7,582.3,34.7,78.7
mustard,Jharkhand,24.14,36.13,39.64,7.6,1182.3,28.3,64.7
coconut,Bihar,57.57,21.32,66.29,6.1,999.5,27.2,75.9
rice,Haryana,74.07,17.05,34.05,7.4,1401.2,26.8,74.8
tomato,Rajasthan,45.87,30.6,45.43,6.1,789.8,29.8,75.5
banana,Tamil Nadu,39.29,35.34,65.81,6.2,1893.1,33.2,89.0
maize,Assam,65.96,18.31,59.45,7.1,531.9,26.2,78.3
mango,Assam,34.51,29.85,52.14,7.5,1810.5,33.4,79.4
cotton,Uttar Pradesh,40.82,33.77,74.59,7.3,1024.9,38.7,74.6
pomegranate,Maharashtra,57.85,30.11,30.85,6.4,601.2,24.1,61.2
rice,Jharkhand,65.42,17.11,33.43,6.0,1048.3,27.1,83.3
mango,Gujarat,54.49,39.2,38.98,7.2,1507.9,29.8,78.4
maize,Kerala,55.2,23.52,26.14,6.0,680.5,28.8,66.8
apple,Punjab,37.41,35.56,55.26,6.8,897.7,32.9,83.5
sugarcane,West Bengal,95.6,54.61,52.91,7.2,1186.0,32.4,68.2
chickpea,Bihar,17.2,22.28,18.87,6.7,360.8,16.8,62.8
tomato,Rajasthan,40.56,46.9,41.59,6.7,468.9,20.3,65.6
maize,Chhattisgarh,33.93,22.08,23.99,6.2,768.6,23.1,65.9
sunflower,Odisha,36.08,18.69,41.65,7.4,809.3,22.4,66.3
banana,Rajasthan,54.19,33.71,43.3,6.3,1244.6,29.8,82.4
sunflower,Punjab,57.37,16.47,31.36,7.4,1116.2,27.7,71.0
mustard,Chhattisgarh,42.37,36.3,30.91,6.5,701.8,20.3,64.7
groundnut,Gujarat,31.66,28.72,41.33,6.7,919.1,27.2,72.5
orange,Punjab,47.89,38.46,45.4,6.8,670.0,33.5,73.2
mustard,Madhya Pradesh,50.29,24.49,24.58,6.3,596.8,22.4,60.6
potato,Haryana,48.6,32.31,59.38,6.1,559.1,29.6,78.0
soybean,Jharkhand,44.54,43.92,56.94,7.4,828.0,27.1,80.2
maize,Madhya Pradesh,68.4,43.44,28.98,7.5,823.9,30.6,78.0
soybean,Maharashtra,45.31,52.28,34.43,7.2,695.4,26.8,71.5
onion,Gujarat,34.08,40.54,28.08,6.1,401.1,19.4,72.1
soybean,Haryana,37.44,52.18,57.38,7.9,499.4,31.0,83.2
lentil,Haryana,11.99,42.23,32.23,7.8,355.9,25.3,54.0
cotton,Maharashtra,88.87,63.26,66.15,7.0,1114.0,30.9,80.4
groundnut,Andhra Pradesh,38.85,33.51,33.56,7.5,802.2,23.5,82.0
wheat,Kerala,24.0,25.31,47.14,6.6,899.5,31.0,77.7
grapes,Assam,63.93,34.82,53.37,7.1,1198.2,31.3,76.2
rice,Rajasthan,54.19,49.31,63.84,6.5,1339.1,21.7,83.9
grapes,Assam,59.86,21.0,30.32,7.4,976.0,29.6,75.8
sugarcane,Bihar,75.94,71.34,87.95,7.0,659.1,31.4,67.2
chickpea,Gujarat,37.36,24.17,18.02,6.9,590.4,22.7,52.0
coconut,Rajasthan,53.7,15.58,64.31,7.2,1249.3,25.7,71.5
sunflower,Andhra Pradesh,62.02,51.43,25.53,6.5,532.4,22.8,80.1
rice,Andhra Pradesh,56.47,32.07,57.21,6.3,1309.0,29.1,54.6
grapes,Bihar,66.15,33.63,41.64,7.8,869.7,20.5,82.4
orange,Karnataka,28.28,16.36,34.02,7.6,622.1,23.3,61.4
banana,Karnataka,59.27,26.47,60.08,7.3,1442.1,26.8,76.0
mustard,Jharkhand,21.83,33.88,45.42,6.1,1020.4,26.8,70.7
banana,Chhattisgarh,44.91,34.13,39.63,6.5,890.6,32.5,75.4
apple,Kerala,46.33,47.03,64.05,7.7,1093.6,26.1,71.6
cotton,Andhra Pradesh,46.25,70.0,48.93,7.5,666.7,26.5,66.1
sunflower,Kerala,61.51,30.89,50.06,6.4,634.5,33.4,55.4
groundnut,Uttar Pradesh,30.39,16.06,28.16,7.2,737.1,33.4,79.5
grapes,Bihar,32.97,30.19,46.56,6.5,899.3,26.1,71.6
wheat,Gujarat,33.17,58.85,58.99,6.2,1109.2,34.8,68.8
banana,Chhattisgarh,30.67,21.72,59.37,7.0,1109.5,26.4,86.7
sugarcane,Odisha,81.47,64.16,81.13,7.3,1070.5,32.5,61.7
maize,Madhya Pradesh,61.49,23.26,20.49,6.3,1120.0,33.1,72.9
lentil,Odisha,29.95,25.26,42.43,7.1,453.3,21.7,50.9
orange,Bihar,29.22,18.61,54.69,6.1,1069.7,26.6,82.5
groundnut,Andhra Pradesh,48.32,34.04,49.87,7.9,986.1,23.2,55.9
grapes,Haryana,62.08,48.86,62.99,6.3,898.7,27.1,65.3
tomato,Jharkhand,43.58,41.15,45.94,6.5,430.4,18.9,65.0
apple,Madhya Pradesh,49.51,29.44,24.12,7.8,509.5,34.3,68.4
barley,Gujarat,47.1,49.92,52.95,7.6,927.0,30.4,80.5
mango,Gujarat,36.64,39.69,77.48,6.1,1646.7,34.3,73.6
pomegranate,Karnataka,21.7,42.9,33.38,7.8,1176.8,34.2,69.2
grapes,Karnataka,42.76,35.9,49.0,7.3,691.8,28.4,69.4
cotton,Maharashtra,71.82,52.05,60.22,7.4,1062.8,33.1,76.5
mustard,Chhattisgarh,46.01,32.07,59.45,6.8,769.6,34.9,55.0
mustard,Odisha,39.2,52.3,23.15,6.0,442.1,21.3,56.1
lentil,Telangana,36.21,49.52,38.05,7.1,468.5,24.6,54.8
cotton,Odisha,61.28,44.36,54.82,6.9,529.5,25.3,84.7
potato,Assam,42.29,40.39,32.64,6.9,714.5,19.1,71.3
sunflower,Bihar,65.19,54.57,53.45,6.1,721.3,32.6,61.9
apple,Odisha,26.02,16.88,37.28,6.1,1165.8,32.4,79.0
orange,Assam,30.82,35.73,46.88,7.1,608.2,27.7,69.7
banana,Haryana,54.47,20.61,45.07,6.8,1511.5,30.8,71.8
potato,Haryana,37.28,34.3,26.55,6.9,414.2,21.9,79.0
chickpea,Punjab,22.25,31.18,22.79,7.6,498.4,16.1,54.4
mustard,Maharashtra,69.57,17.46,59.73,7.0,1125.2,28.6,74.9
tomato,Odisha,37.02,46.36,52.91,6.7,740.2,28.4,75.6
chickpea,Odisha,30.92,40.4,33.56,7.6,363.4,26.5,67.4
apple,West Bengal,26.44,28.4,53.46,6.3,1054.4,32.5,70.2
groundnut,Punjab,34.35,39.68,64.15,7.3,607.8,29.5,71.2
cotton,Telangana,46.42,68.05,67.06,7.9,739.3,34.5,83.3
orange,Rajasthan,28.69,45.83,62.63,6.3,1016.8,30.6,69.2
orange,Chhattisgarh,63.58,53.94,63.6,7.5,504.1,31.4,55.7
chickpea,Uttar Pradesh,19.71,34.66,38.11,7.5,478.4,18.6,69.9
banana,Haryana,43.54,19.09,70.77,7.0,1064.9,25.8,83.6
orange,Bihar,33.66,53.03,26.8,6.9,1154.9,26.3,74.2
soybean,Maharashtra,69.2,31.37,60.23,6.5,570.5,20.5,74.6
lentil,Chhattisgarh,35.93,34.2,44.05,6.8,647.4,25.1,65.4
sunflower,Chhattisgarh,58.05,40.05,25.91,6.1,1136.7,29.2,78.9
sunflower,Karnataka,26.26,42.42,39.36,6.4,793.3,21.0,72.5
pomegranate,Punjab,59.88,27.41,40.48,6.0,458.0,25.9,69.4
soybean,Bihar,54.75,49.4,55.09,6.1,784.4,21.6,62.3
sunflower,Assam,44.94,39.73,51.61,7.1,407.8,24.9,70.5
rice,Tamil Nadu,41.04,16.49,23.93,6.6,719.4,28.5,77.6
mango,Assam,36.0,19.19,39.71,7.0,1647.8,25.3,88.7
groundnut,Tamil Nadu,55.45,49.84,52.13,7.6,671.6,32.2,57.4
grapes,Telangana,47.38,47.69,40.35,7.3,821.1,31.0,57.4
orange,Gujarat,32.36,21.38,59.23,6.4,1180.7,25.1,60.5
pomegranate,Gujarat,47.77,43.77,30.28,8.0,1179.8,29.8,61.0
cotton,Assam,55.46,53.13,83.41,7.6,1019.9,31.4,68.6
lentil,Chhattisgarh,36.01,37.36,28.16,7.6,494.7,26.4,68.0
soybean,Karnataka,33.84,38.69,61.06,6.4,898.4,29.5,77.0
cotton,Andhra Pradesh,64.32,60.09,71.63,7.1,858.8,31.2,61.7
potato,Assam,51.68,37.38,48.19,6.1,660.8,21.7,71.0
cotton,Maharashtra,40.54,59.42,69.94,7.1,665.9,28.5,82.1
orange,Kerala,36.54,32.95,50.12,6.3,759.5,28.8,83.5
orange,Bihar,56.82,41.55,41.36,7.7,1044.5,28.8,81.0
lentil,Chhattisgarh,39.6,23.69,21.93,6.6,556.0,17.9,53.6
maize,Uttar Pradesh,45.36,16.66,26.68,8.0,1172.1,20.1,83.6
mango,Karnataka,43.64,27.89,57.0,7.0,967.6,25.3,76.2
coconut,Chhattisgarh,36.06,31.84,78.65,6.1,1607.1,29.4,87.4
orange,Assam,54.63,48.52,62.51,7.4,797.7,29.3,81.1
tomato,Jharkhand,26.37,47.93,49.13,6.7,486.3,25.9,70.9
maize,Tamil Nadu,25.33,41.31,64.97,6.1,1181.7,26.1,81.1
potato,Odisha,37.99,23.27,47.77,6.8,770.3,23.3,78.5
mustard,Tamil Nadu,35.86,49.76,36.91,6.6,919.3,24.9,73.9
groundnut,Assam,54.77,30.54,40.19,6.5,698.6,23.4,57.2
cotton,Andhra Pradesh,80.09,60.97,63.17,7.1,1104.3,32.8,72.0
pomegranate,Gujarat,27.45,36.06,31.07,7.0,715.5,28.2,77.4
lentil,Bihar,10.55,25.87,15.23,7.5,659.2,18.2,68.5
barley,Rajasthan,66.72,29.06,24.56,7.0,605.4,24.3,64.2
barley,Haryana,49.05,18.59,52.29,6.8,1181.4,32.3,70.7
groundnut,Gujarat,29.07,36.01,51.91,6.2,853.8,23.8,83.9
sugarcane,Karnataka,88.94,48.68,66.32,6.7,501.8,34.6,72.9
potato,Tamil Nadu,54.1,25.24,37.63,6.9,708.0,24.7,68.8
sugarcane,Chhattisgarh,83.92,72.56,73.57,7.7,1036.7,27.2,70.6
maize,Assam,31.76,49.77,41.28,7.1,542.8,24.7,61.9
groundnut,Bihar,31.6,30.64,46.75,7.0,1190.2,22.0,75.9
cotton,West Bengal,65.69,65.88,74.62,8.0,589.9,26.6,78.1
onion,Karnataka,59.77,27.95,47.59,6.6,560.5,22.4,70.2
groundnut,Rajasthan,42.12,48.27,50.13,6.1,912.1,24.1,72.8
cotton,Gujarat,59.46,46.65,73.47,8.0,963.3,33.4,78.3
grapes,Andhra Pradesh,49.02,18.55,63.27,7.3,1003.9,22.6,67.3
coconut,Gujarat,40.43,31.62,70.8,7.4,1081.6,29.0,73.0
maize,Andhra Pradesh,58.43,24.75,50.22,6.2,605.6,31.8,80.9
pomegranate,Telangana,45.34,21.37,22.84,6.2,581.9,25.1,66.4
wheat,Tamil Nadu,50.58,52.14,33.99,7.4,1386.0,22.4,81.5
barley,Maharashtra,39.55,35.05,37.87,7.1,902.4,30.1,71.0
sunflower,Madhya Pradesh,27.06,23.48,56.84,6.6,418.3,22.3,61.7
sunflower,Chhattisgarh,52.05,47.9,25.96,7.7,1138.2,27.3,73.2
orange,Kerala,28.74,35.1,37.94,6.3,694.0,21.0,55.8
barley,Rajasthan,24.0,46.07,25.49,7.2,1149.2,33.1,63.3
soybean,Bihar,50.98,41.01,26.84,6.1,1024.6,26.9,56.7
chickpea,Chhattisgarh,11.73,40.85,44.51,6.9,356.9,16.6,56.1
apple,Karnataka,54.61,17.49,42.92,8.0,1051.2,29.2,64.2
grapes,Rajasthan,46.35,32.04,25.88,7.8,759.8,22.9,66.0
orange,Kerala,28.84,30.48,63.37,6.5,507.0,26.3,78.7
pomegranate,West Bengal,54.05,22.59,47.85,6.6,1067.4,29.4,61.0
maize,Odisha,22.13,29.86,31.96,7.3,799.5,24.0,59.5
sugarcane,Punjab,59.48,66.87,63.8,7.1,776.1,31.9,79.6
mustard,Jharkhand,67.77,46.48,34.19,7.4,750.1,23.8,80.2
tomato,Bihar,47.3,31.59,40.75,6.2,755.8,23.4,78.2
maize,Gujarat,45.61,42.21,21.88,6.2,973.1,21.1,57.1
banana,Maharashtra,45.26,24.69,55.79,7.5,1964.9,34.4,85.7
apple,Bihar,40.61,36.98,57.37,6.1,739.4,21.2,70.4
banana,Andhra Pradesh,53.08,30.62,52.19,6.3,945.7,31.2,85.5
potato,Chhattisgarh,39.5,23.76,41.6,6.1,594.4,29.0,72.8
wheat,Bihar,22.62,19.99,49.93,6.1,938.4,28.3,65.5
mango,Gujarat,35.92,37.17,64.06,6.4,1779.1,33.6,86.9
potato,Assam,36.35,42.65,41.12,6.8,691.4,27.3,74.8
chickpea,Bihar,18.08,36.19,36.84,6.7,574.1,16.2,69.3
barley,Gujarat,56.64,36.69,46.57,7.0,638.0,28.5,75.7
groundnut,Gujarat,51.81,45.44,27.2,6.9,407.5,23.7,76.8
rice,Rajasthan,25.95,33.07,60.0,6.3,1099.6,31.0,74.6
wheat,Tamil Nadu,42.52,39.24,46.21,7.3,1356.0,32.5,50.4
wheat,Bihar,65.38,52.89,43.52,6.8,712.2,25.8,75.7
onion,Haryana,31.2,39.89,25.07,6.2,411.6,20.0,67.7
mustard,Jharkhand,49.41,34.24,48.9,6.1,864.0,28.4,71.8
wheat,Chhattisgarh,56.13,16.03,36.11,7.0,734.1,30.4,79.8
soybean,Rajasthan,45.86,32.61,26.64,6.7,747.2,21.3,61.6
barley,Bihar,56.68,26.98,27.81,7.3,796.9,22.7,75.6
barley,Kerala,57.36,44.6,62.76,6.4,852.4,34.7,60.0
chickpea,Jharkhand,27.57,37.59,35.93,7.9,613.0,15.7,67.1
apple,Maharashtra,62.1,22.44,56.12,6.9,786.4,22.0,57.4
groundnut,Karnataka,44.82,32.47,52.83,7.5,527.1,29.2,59.1
grapes,Rajasthan,20.67,26.31,22.01,6.1,620.6,24.1,78.6
onion,Telangana,41.7,32.87,54.57,6.3,462.6,28.2,65.7
mango,Bihar,34.18,28.31,53.5,6.5,1879.8,25.2,83.3
grapes,Assam,64.11,30.74,57.25,7.6,899.5,27.4,84.4
maize,Haryana,56.26,22.65,35.22,6.6,1157.6,34.5,60.5
rice,Chhattisgarh,63.2,33.81,24.44,7.0,1090.6,34.7,59.1
chickpea,Tamil Nadu,33.75,36.47,33.39,6.8,638.8,20.6,52.8
orange,Telangana,30.8,18.9,58.79,6.9,999.4,24.4,78.6
soybean,West Bengal,68.9,46.76,42.38,6.7,1097.7,28.2,77.8
grapes,Assam,30.24,50.11,59.58,7.7,591.0,26.8,84.5
banana,Punjab,31.96,26.6,75.91,6.8,1397.4,26.1,83.1
mango,Bihar,53.27,39.11,44.17,6.8,1144.6,32.9,81.6
pomegranate,Andhra Pradesh,59.9,30.84,61.18,7.1,526.4,30.4,78.8
groundnut,Telangana,62.86,51.25,32.46,8.0,512.6,23.0,60.5
maize,Telangana,27.61,32.61,47.69,6.2,1105.9,32.1,70.2
coconut,Uttar Pradesh,42.53,39.6,65.06,7.0,999.1,33.8,78.5
maize,Haryana,46.37,43.77,60.06,6.2,985.2,22.8,80.7
grapes,Madhya Pradesh,47.04,43.41,34.15,6.9,1057.3,26.9,65.7
wheat,Haryana,72.79,38.64,32.22,6.2,678.5,30.8,66.8
wheat,Tamil Nadu,64.38,23.61,50.69,6.7,1119.5,31.1,82.2
barley,Haryana,21.56,44.57,24.79,6.6,403.1,30.2,60.0
grapes,Uttar Pradesh,61.85,26.17,48.93,7.4,810.1,24.6,61.4
cotton,Kerala,85.55,75.18,51.64,7.7,541.4,38.5,76.3
soybean,Punjab,42.35,33.41,58.91,7.1,704.3,34.7,58.3
grapes,Jharkhand,22.1,44.6,61.31,6.6,1086.7,24.4,82.3
onion,Tamil Nadu,62.78,49.45,46.75,6.6,651.3,24.4,74.5
grapes,Kerala,30.92,19.81,23.08,6.5,436.9,28.5,63.5
sunflower,Bihar,23.71,24.05,52.86,7.2,451.6,33.2,81.3
sunflower,Tamil Nadu,69.45,40.05,43.91,7.7,628.2,26.4,63.0
sunflower,Chhattisgarh,48.67,41.35,31.35,6.4,790.7,31.1,70.8
potato,Rajasthan,64.08,21.94,58.45,6.0,677.8,19.0,78.7
sunflower,Assam,26.88,28.63,27.42,6.3,1158.5,26.7,78.7
apple,Rajasthan,53.82,20.27,30.54,7.6,1176.6,23.9,63.1
potato,Uttar Pradesh,37.1,32.21,56.2,6.0,415.9,25.2,78.6
apple,West Bengal,68.58,28.25,41.69,6.4,888.6,24.2,61.2
mustard,Madhya Pradesh,62.71,16.98,57.5,7.7,627.9,26.9,68.2
onion,Bihar,27.0,28.33,53.58,6.3,727.3,24.4,78.2
potato,Karnataka,47.21,41.07,59.75,6.1,509.9,22.7,71.3
lentil,Andhra Pradesh,37.23,41.42,33.24,7.0,629.5,27.4,66.4
tomato,Kerala,27.3,27.73,27.08,6.6,674.6,19.4,70.8
sugarcane,Chhattisgarh,45.54,59.82,67.48,7.9,783.0,29.8,78.7
wheat,Tamil Nadu,58.79,54.96,49.93,6.8,725.0,21.7,56.2
cotton,Madhya Pradesh,47.23,75.12,43.32,7.3,599.5,25.2,70.6
cotton,Bihar,69.16,58.86,42.19,6.7,891.0,30.1,78.2
soybean,Bihar,41.5,41.92,32.39,6.6,1031.2,26.7,79.0
cotton,Haryana,91.45,75.83,61.55,7.0,907.5,30.6,75.0
sugarcane,Uttar Pradesh,71.55,55.58,48.28,7.5,531.3,36.4,83.7
apple,West Bengal,52.29,40.48,35.33,6.1,727.7,24.7,75.3
maize,Andhra Pradesh,38.23,23.72,64.46,6.9,950.6,22.1,69.6
cotton,Bihar,48.15,34.97,50.44,7.9,789.9,30.9,67.8
barley,West Bengal,65.0,19.65,63.02,6.6,1110.7,29.0,79.8
banana,Odisha,48.21,18.79,36.39,7.5,1728.2,34.8,79.6
mustard,Punjab,28.42,24.88,57.73,6.7,1061.5,30.6,60.3
pomegranate,Kerala,53.87,24.4,57.38,7.1,532.2,28.7,85.0
mustard,Assam,60.84,23.29,55.21,7.5,640.4,24.9,78.8
apple,Maharashtra,56.54,20.92,58.37,7.4,1125.6,22.0,72.8
wheat,Bihar,41.21,35.63,21.9,7.1,1094.4,20.9,77.2
potato,Kerala,26.55,49.09,58.22,6.5,437.5,27.1,72.4
sugarcane,Madhya Pradesh,71.35,58.14,62.06,7.4,1143.1,30.4,78.1
pomegranate,Kerala,42.8,32.74,47.1,7.2,1045.3,27.1,84.9
tomato,Odisha,44.76,45.41,56.26,6.1,753.4,23.4,72.7
sunflower,Telangana,58.13,52.17,21.37,7.7,821.8,29.5,74.3
lentil,Punjab,20.0,41.99,30.86,7.7,696.2,17.6,69.9
tomato,Karnataka,25.1,21.32,36.96,6.6,427.6,18.1,79.1
potato,Uttar Pradesh,63.07,38.41,28.1,6.5,431.1,22.9,71.1
soybean,Bihar,37.44,19.44,56.37,7.9,457.9,34.3,70.7
coconut,Punjab,32.31,27.52,70.75,7.1,860.3,25.7,78.1
barley,Punjab,34.05,47.14,61.82,6.8,1124.9,24.8,69.3
rice,Jharkhand,58.43,59.05,50.17,6.5,1183.0,21.8,85.5
onion,West Bengal,61.96,36.64,47.3,6.5,585.3,20.8,69.5
barley,Rajasthan,27.14,46.01,32.21,7.0,627.4,22.0,73.9
chickpea,Tamil Nadu,32.46,29.53,15.0,7.3,318.7,18.6,64.1
mango,Andhra Pradesh,30.11,21.17,68.34,6.5,922.3,28.6,75.4
wheat,Gujarat,54.31,55.82,67.15,6.6,939.6,34.0,77.0
banana,Uttar Pradesh,57.91,36.11,65.41,6.2,1105.1,33.8,73.7
lentil,Bihar,38.52,41.08,23.94,6.7,612.7,23.4,51.0
maize,Telangana,39.26,49.63,41.42,6.2,907.5,31.6,55.1
groundnut,Tamil Nadu,29.3,37.08,38.71,7.4,696.9,33.0,76.9
orange,Uttar Pradesh,59.81,45.16,21.62,6.8,1144.6,21.9,77.1
soybean,Gujarat,22.61,42.29,41.07,7.2,468.3,20.6,75.0
banana,West Bengal,46.31,17.5,65.96,6.4,1893.3,33.4,84.2
sunflower,West Bengal,21.57,44.45,34.86,7.8,613.3,30.9,81.3
soybean,Uttar Pradesh,35.59,45.96,54.78,7.0,1180.8,21.9,55.5
barley,Tamil Nadu,26.01,25.62,20.79,6.6,1018.5,27.8,65.4
lentil,Telangana,27.04,39.89,31.45,7.8,570.2,22.1,66.6
tomato,Odisha,42.91,29.09,27.3,6.2,498.6,23.8,76.2
lentil,Rajasthan,38.73,48.28,38.56,8.0,517.8,27.5,51.5
potato,Jharkhand,35.14,25.87,29.93,6.6,712.5,24.9,67.2
pomegranate,Andhra Pradesh,51.8,30.53,50.34,6.5,676.2,33.8,63.7
barley,Tamil Nadu,54.5,42.6,61.88,7.0,584.2,20.7,67.5
soybean,Punjab,32.09,35.02,50.58,6.2,619.8,32.1,68.8
onion,Kerala,44.48,21.32,30.8,6.4,483.7,18.6,77.7
coconut,Bihar,53.79,36.34,45.89,7.4,1036.3,34.5,89.9
lentil,Bihar,23.77,47.58,20.28,6.8,305.2,15.2,66.6
wheat,Jharkhand,77.61,38.47,68.87,7.1,745.5,27.2,78.7
barley,Uttar Pradesh,42.91,46.25,63.21,7.5,1084.2,29.0,80.1
sugarcane,Maharashtra,62.62,57.6,80.24,6.6,1065.7,27.7,72.9
coconut,Maharashtra,37.37,25.07,75.26,6.0,1881.7,26.5,89.8
wheat,Uttar Pradesh,22.69,49.25,38.59,6.6,1278.8,33.8,88.0
sunflower,Jharkhand,59.38,25.04,45.38,6.7,925.3,23.6,60.7
mustard,West Bengal,61.99,45.07,30.29,7.9,518.5,30.2,61.7
sugarcane,Maharashtra,83.15,58.17,61.38,7.0,1087.8,27.2,70.8
groundnut,Andhra Pradesh,40.05,45.52,57.04,7.8,835.6,23.1,62.7
coconut,Telangana,55.65,20.18,38.2,6.1,1928.9,30.1,78.2
tomato,Rajasthan,56.21,43.13,47.91,6.2,750.4,24.5,69.2
mustard,Maharashtra,39.59,36.87,43.94,7.2,449.1,25.4,76.7
tomato,Karnataka,34.16,20.3,40.31,6.9,420.8,20.3,69.7
apple,Rajasthan,57.09,48.94,39.02,6.6,660.2,30.7,79.5
sunflower,Telangana,65.1,47.27,64.32,7.5,714.6,28.9,74.8
onion,West Bengal,25.93,28.07,43.12,6.3,651.4,23.8,70.4
coconut,Assam,51.43,33.98,39.61,6.8,1410.7,28.7,88.7
wheat,Andhra Pradesh,30.81,19.42,60.18,6.2,712.6,32.8,63.8
wheat,Tamil Nadu,31.71,30.54,36.78,7.5,1370.9,30.5,79.1
barley,Odisha,67.35,34.85,37.12,6.3,1029.0,31.0,66.5
apple,Bihar,61.95,15.46,51.67,7.9,750.1,23.5,76.1
apple,Madhya Pradesh,47.32,53.68,22.33,7.0,974.8,32.9,60.4
cotton,Gujarat,53.6,73.97,80.44,7.5,937.5,29.7,80.4
maize,Andhra Pradesh,32.52,39.99,45.73,7.7,1124.9,20.2,75.2
rice,Jharkhand,21.19,32.58,29.57,6.6,1441.5,26.5,85.1
maize,Uttar Pradesh,34.29,32.31,50.84,6.7,445.3,25.6,83.3
mustard,Karnataka,51.61,22.96,38.83,7.5,481.1,24.2,63.3
onion,Tamil Nadu,69.12,22.03,43.15,6.2,788.3,19.4,71.1
maize,Chhattisgarh,55.23,31.91,35.59,6.8,611.4,23.1,69.5
coconut,Punjab,38.62,31.42,78.58,6.9,892.4,25.8,89.0
potato,Gujarat,45.61,22.76,44.37,6.6,681.5,22.5,73.5
potato,Uttar Pradesh,55.24,37.51,43.4,6.2,400.8,20.1,66.8
onion,Assam,34.59,48.17,25.23,6.8,650.1,22.5,65.8
rice,Jharkhand,43.14,57.13,47.1,7.4,798.4,30.9,74.7
soybean,Telangana,53.25,34.92,53.43,6.7,1112.0,21.3,79.2
barley,Assam,60.86,35.51,39.73,8.0,583.3,28.2,75.1
mango,Odisha,32.74,19.98,74.49,7.1,816.5,27.5,74.3
maize,Bihar,32.38,17.5,40.65,7.5,885.4,30.1,57.4
coconut,West Bengal,56.55,24.58,57.21,6.4,1744.1,29.0,80.3
sunflower,Andhra Pradesh,23.42,29.84,61.43,7.2,830.7,24.0,66.1
orange,Maharashtra,53.32,46.5,40.45,7.3,598.7,30.6,67.8
sugarcane,Chhattisgarh,78.96,76.81,43.2,7.7,704.7,31.7,60.5
sugarcane,Karnataka,43.37,54.55,86.36,6.7,1035.1,31.1,76.4
rice,Madhya Pradesh,29.57,22.22,23.52,6.3,1197.8,33.2,82.6
grapes,Haryana,60.29,15.32,61.61,6.9,842.7,23.8,77.3
grapes,Odisha,35.39,51.55,62.88,6.7,683.5,27.6,83.2
rice,Jharkhand,26.15,32.67,47.67,6.8,774.5,32.9,77.1
banana,Gujarat,55.76,33.71,54.76,6.9,992.4,31.7,73.6
sunflower,Assam,44.47,32.18,53.33,7.7,825.5,31.8,63.9
orange,Uttar Pradesh,37.26,31.57,52.96,7.8,497.2,29.5,72.5
wheat,Tamil Nadu,32.71,29.0,28.35,6.4,840.8,25.0,80.0
tomato,Bihar,50.06,32.47,40.01,6.5,678.6,26.4,67.6
mango,Punjab,42.36,36.76,63.41,6.8,938.5,31.1,72.3
groundnut,Jharkhand,30.31,30.67,60.31,6.4,806.2,26.3,55.5
banana,Bihar,32.07,26.86,60.23,6.9,1626.4,27.5,70.2
potato,Uttar Pradesh,45.93,46.23,32.12,6.1,514.2,24.4,72.7
apple,Punjab,40.23,34.37,20.6,6.8,918.2,20.2,63.4
wheat,Andhra Pradesh,72.64,32.52,47.09,7.5,659.9,29.7,53.0
wheat,Odisha,68.23,34.51,69.86,6.8,889.0,23.3,64.0
tomato,Rajasthan,45.89,41.68,47.99,6.7,403.3,20.6,74.9
banana,Tamil Nadu,30.16,35.11,69.78,6.8,879.8,32.7,81.7
maize,Telangana,57.59,47.12,43.31,6.3,936.9,29.3,77.3
groundnut,Tamil Nadu,37.35,30.63,27.14,6.5,884.3,26.5,78.2
onion,Maharashtra,49.37,42.75,35.74,6.4,685.1,22.6,73.8
tomato,Odisha,34.67,32.75,56.77,6.5,475.2,18.9,75.4
lentil,Chhattisgarh,38.75,32.93,31.48,7.3,554.7,24.7,54.5
mustard,Kerala,30.94,38.81,31.91,7.3,1052.0,31.7,77.8
soybean,Maharashtra,57.39,21.02,29.78,6.9,611.2,26.2,81.7
barley,Maharashtra,51.5,49.32,55.27,6.9,560.9,27.7,77.1
groundnut,Andhra Pradesh,53.34,18.77,53.66,7.6,965.5,34.5,79.8
lentil,Bihar,38.01,44.04,35.23,6.5,486.3,22.4,56.1
mustard,Jharkhand,68.06,50.67,58.21,6.8,411.0,21.2,64.4
orange,Madhya Pradesh,20.86,51.66,51.78,6.6,506.1,27.7,55.2
cotton,Telangana,64.89,50.12,59.53,6.6,946.8,36.0,76.9
chickpea,Telangana,27.91,47.85,42.87,7.0,511.1,17.8,69.9
lentil,Chhattisgarh,29.49,44.13,36.45,7.4,321.3,20.9,63.5
orange,Chhattisgarh,25.5,52.0,48.42,6.1,915.4,34.6,57.1
orange,Uttar Pradesh,51.8,38.97,28.07,7.4,764.1,30.0,80.1
sunflower,Chhattisgarh,20.96,46.16,47.44,7.4,1070.5,32.0,83.8
cotton,Odisha,49.22,58.63,53.85,7.9,908.2,33.9,68.9
orange,Andhra Pradesh,23.33,24.23,61.21,7.2,597.0,30.4,72.9
coconut,Odisha,59.29,32.09,51.89,7.2,1861.5,26.3,74.0
maize,West Bengal,54.56,39.12,47.85,7.9,1020.7,21.9,65.4
pomegranate,Gujarat,60.85,49.1,62.21,6.2,708.5,21.1,61.3
wheat,Chhattisgarh,36.11,19.54,28.37,6.2,1475.8,31.4,88.7
tomato,Gujarat,37.53,43.95,36.42,6.3,493.0,19.6,68.8
banana,Rajasthan,50.22,16.56,44.47,7.2,976.3,28.4,87.3
orange,Punjab,61.47,43.27,47.77,6.3,782.8,31.7,64.1
cotton,Gujarat,56.42,54.39,44.11,7.2,714.5,37.3,61.4
wheat,Tamil Nadu,31.44,30.62,47.36,7.5,1197.8,23.0,51.8
groundnut,Odisha,69.47,50.58,36.72,6.4,791.5,31.1,69.8
lentil,Madhya Pradesh,35.15,30.84,40.79,7.1,431.3,20.9,65.2
tomato,Odisha,65.04,44.54,42.86,6.7,605.2,28.4,71.0
groundnut,Andhra Pradesh,38.61,41.47,26.36,7.1,548.2,24.2,61.6
mustard,Punjab,65.16,39.15,45.95,7.1,696.9,31.8,62.6
onion,Haryana,65.23,30.12,50.53,6.6,535.1,29.9,65.4
pomegranate,Karnataka,49.45,45.07,48.06,7.2,442.8,25.6,62.0
sugarcane,Uttar Pradesh,73.26,39.98,54.7,6.9,1164.0,39.2,75.2
barley,Odisha,43.4,33.65,54.23,6.3,789.8,26.4,72.9
groundnut,Odisha,58.47,30.91,57.24,6.3,424.4,23.1,65.2
tomato,Assam,65.98,35.3,42.54,6.1,414.0,24.6,71.6
orange,Assam,28.03,16.0,40.21,6.5,439.7,30.9,58.3
tomato,Andhra Pradesh,66.51,40.87,46.38,6.2,422.2,24.8,74.8
rice,Andhra Pradesh,75.75,32.43,23.31,6.0,1344.2,27.9,81.0
cotton,Bihar,57.55,46.61,54.69,6.6,946.0,34.0,76.3
soybean,Punjab,50.98,38.99,42.78,6.7,1130.3,25.1,68.7
banana,Tamil Nadu,40.41,25.89,70.75,6.4,970.7,28.1,87.0
onion,Chhattisgarh,69.63,36.23,59.47,6.9,581.1,20.4,67.5
barley,Telangana,55.51,25.92,35.36,6.9,1130.6,22.8,55.2
orange,West Bengal,65.24,40.9,32.29,6.4,635.4,21.7,83.2
banana,Assam,43.87,36.62,46.23,7.1,1827.4,28.6,85.1
sugarcane,Telangana,81.46,43.58,49.53,6.8,739.5,31.4,80.8
orange,Uttar Pradesh,25.85,42.29,62.75,6.3,987.1,29.5,72.5
maize,Madhya Pradesh,65.12,28.76,52.99,7.3,1145.2,32.3,72.0
cotton,Andhra Pradesh,63.97,46.34,40.54,7.7,1060.7,26.6,74.4
maize,Odisha,49.25,24.05,60.31,7.6,959.8,29.3,80.9
lentil,Gujarat,36.19,43.68,37.44,7.3,398.5,20.5,65.9
groundnut,Assam,27.22,19.63,21.23,7.0,574.6,34.8,72.2
onion,West Bengal,62.06,44.62,41.71,6.4,545.0,27.7,69.9
mustard,Jharkhand,61.73,29.33,61.08,7.1,546.1,22.1,72.3
mustard,Jharkhand,33.79,23.17,20.75,7.4,461.3,26.3,73.1
barley,Maharashtra,35.59,24.99,49.44,7.2,665.7,33.9,80.3
groundnut,Gujarat,25.82,39.51,62.23,7.3,461.4,25.3,71.5
coconut,Gujarat,54.44,30.3,51.81,6.4,927.0,28.5,78.3
sunflower,Maharashtra,23.51,30.81,28.18,6.3,1061.8,20.6,67.6
mustard,Punjab,47.85,24.26,42.61,7.5,1166.5,23.3,81.6
lentil,Karnataka,29.06,38.89,27.1,7.6,512.5,23.8,58.6
wheat,Bihar,73.62,44.61,20.4,7.4,813.4,21.6,80.7
soybean,West Bengal,62.21,34.36,43.13,6.6,858.4,24.9,56.2
cotton,West Bengal,40.38,78.92,88.29,7.1,1009.9,30.2,76.8
soybean,Haryana,67.34,31.01,55.25,6.5,1192.3,20.4,73.1
sunflower,Uttar Pradesh,41.55,27.18,28.91,6.1,1109.7,26.3,69.9
wheat,Odisha,53.93,34.9,59.86,7.1,1221.4,25.1,82.2
sunflower,Haryana,50.12,21.52,30.52,6.0,1068.0,34.6,59.1
wheat,Gujarat,22.16,56.71,30.68,6.6,608.7,32.9,79.2
coconut,Madhya Pradesh,53.45,22.84,46.15,7.0,1236.9,30.7,70.1
barley,Andhra Pradesh,65.21,29.99,44.74,6.1,740.9,32.5,79.2
banana,Rajasthan,54.52,38.26,39.29,6.7,1204.9,33.7,71.7
coconut,Kerala,52.57,16.28,57.16,6.7,1201.3,28.9,80.6
apple,Odisha,48.6,47.22,54.21,6.3,519.4,24.0,65.8
orange,Telangana,28.56,48.09,46.32,6.7,1042.3,23.7,84.3
sugarcane,Assam,57.84,41.5,60.57,6.9,970.7,37.4,76.8
sugarcane,Chhattisgarh,63.82,37.82,76.9,7.0,969.9,29.1,62.0
onion,Tamil Nadu,32.03,49.65,59.2,6.8,663.8,24.9,78.0
apple,Punjab,41.72,32.86,47.84,7.3,800.6,29.7,55.7
chickpea,Uttar Pradesh,13.88,22.99,33.1,7.3,401.4,21.1,59.8
rice,Assam,32.62,49.44,32.65,7.3,692.6,21.9,89.2
chickpea,Bihar,35.41,29.73,35.29,7.4,541.3,23.9,61.5
grapes,Madhya Pradesh,27.17,15.74,40.88,7.9,659.1,29.9,74.6
barley,Maharashtra,52.52,23.49,25.49,7.4,490.8,35.0,60.5
wheat,Gujarat,39.92,35.94,20.68,6.1,832.7,20.4,75.3
rice,Rajasthan,30.48,28.32,53.19,7.4,645.4,33.4,73.1
groundnut,West Bengal,47.33,48.59,25.74,7.6,1090.4,22.3,80.5
mustard,Rajasthan,56.34,46.39,64.75,7.2,646.3,32.6,73.4
soybean,Haryana,32.68,45.25,23.68,7.8,660.7,21.9,68.3
sunflower,Madhya Pradesh,54.23,51.11,57.68,6.3,501.0,32.2,82.7
orange,Assam,44.95,27.73,60.24,7.3,630.6,24.5,81.7
pomegranate,Haryana,37.83,25.18,20.58,7.1,1080.9,34.4,72.0
potato,Madhya Pradesh,61.55,31.52,48.32,7.0,490.3,22.7,72.2
lentil,Bihar,34.89,49.3,27.14,6.6,326.3,26.6,59.3
pomegranate,Assam,35.92,34.56,58.68,7.2,955.7,25.5,77.2
maize,Gujarat,54.67,43.02,53.91,7.7,800.0,31.0,73.6
mustard,Odisha,21.28,26.38,39.94,7.2,1080.0,22.9,58.8
onion,Telangana,37.7,28.94,34.72,6.8,660.8,28.0,79.6
barley,Kerala,22.4,26.83,61.96,7.0,617.4,26.0,73.0
banana,West Bengal,34.62,39.43,59.51,6.2,1872.4,25.7,88.2
sugarcane,Gujarat,82.1,57.82,57.93,7.9,514.7,29.7,61.4
orange,Rajasthan,39.8,45.25,40.44,6.8,1147.8,23.8,58.6
chickpea,Assam,20.37,44.47,29.0,6.6,366.4,15.8,60.0
cotton,Telangana,46.85,77.05,83.63,7.2,1190.1,25.0,75.3
pomegranate,Madhya Pradesh,42.77,31.6,52.87,6.3,558.1,22.7,62.9
coconut,Chhattisgarh,42.04,23.45,40.71,6.6,995.2,32.3,74.2
sugarcane,Uttar Pradesh,42.52,48.18,44.93,6.7,678.0,29.4,73.2
chickpea,Kerala,14.45,25.16,41.36,7.3,648.0,19.8,62.3
groundnut,Telangana,35.96,33.8,42.61,6.4,652.0,31.9,82.5
sugarcane,Chhattisgarh,58.42,39.76,73.92,7.0,1191.4,29.9,69.9
lentil,Andhra Pradesh,34.05,34.09,27.68,8.0,304.2,26.6,53.0
lentil,Karnataka,39.48,22.58,39.43,6.9,352.9,20.7,62.9
pomegranate,Gujarat,22.73,38.98,60.61,6.8,573.1,26.6,56.5
chickpea,Rajasthan,15.98,27.93,30.11,6.6,387.3,27.2,59.3
pomegranate,Telangana,63.31,21.59,38.68,6.0,782.7,20.3,79.6
maize,Maharashtra,58.18,35.94,30.2,7.3,464.1,26.6,59.9
apple,West Bengal,30.11,30.47,22.3,6.8,809.4,27.2,66.5
grapes,Assam,45.28,17.48,23.2,7.1,852.8,33.2,71.7
mustard,Karnataka,24.9,16.76,28.34,7.1,916.5,20.7,83.4
sunflower,Andhra Pradesh,34.83,18.09,27.64,6.3,498.6,27.8,62.4
chickpea,Madhya Pradesh,30.53,48.47,19.28,7.1,521.9,16.0,50.1
apple,Assam,40.68,41.12,46.08,6.0,1190.8,20.6,84.0
soybean,Telangana,68.16,19.59,42.07,6.3,440.8,29.3,61.2
onion,Odisha,46.38,47.67,27.55,6.3,540.0,27.4,79.9
pomegranate,Kerala,68.08,44.21,42.04,7.3,991.7,29.2,55.5
apple,Chhattisgarh,60.52,25.91,52.92,6.7,817.5,21.0,60.4
maize,Haryana,27.0,31.63,44.69,6.8,815.7,34.9,59.1
coconut,Haryana,41.88,18.33,42.14,7.4,1855.5,34.1,89.8
rice,Madhya Pradesh,41.33,45.11,44.19,6.6,922.0,28.9,73.0
rice,Karnataka,53.21,40.66,30.51,7.1,622.7,25.3,81.2
grapes,Madhya Pradesh,36.53,44.79,38.56,6.4,810.5,22.0,68.2
grapes,Maharashtra,65.6,17.44,51.23,6.4,655.2,26.2,82.2
soybean,Madhya Pradesh,21.2,38.39,62.37,6.3,777.3,21.4,73.8
banana,Odisha,37.61,31.05,47.4,6.7,946.0,30.9,76.3
apple,Telangana,34.79,25.23,34.73,6.3,544.9,31.9,66.5
mustard,Madhya Pradesh,49.48,17.7,57.42,6.4,978.5,31.6,76.4
mango,Tamil Nadu,48.15,24.69,73.86,6.5,1152.2,27.7,76.7
grapes,Maharashtra,42.93,37.58,49.84,7.4,1145.4,35.0,76.6
potato,Andhra Pradesh,53.73,29.59,27.0,6.1,400.4,28.8,65.4
sugarcane,Odisha,80.49,41.95,77.9,7.6,718.8,31.2,65.2
tomato,Karnataka,28.77,31.58,38.09,6.9,460.5,19.8,69.9
banana,Odisha,50.15,33.23,60.88,6.3,1405.3,28.1,78.5
orange,Maharashtra,31.61,31.21,32.11,6.4,1026.7,33.6,66.1
lentil,Haryana,35.38,25.48,43.69,7.1,435.7,15.8,59.7
tomato,Andhra Pradesh,28.71,38.0,42.0,6.5,770.5,28.5,76.8
sugarcane,Madhya Pradesh,81.42,77.25,74.13,7.0,850.4,34.7,72.8
apple,Punjab,23.18,22.09,20.23,6.9,467.4,30.2,62.1
tomato,Telangana,39.08,45.76,29.61,6.7,696.8,26.1,68.8
cotton,Odisha,43.22,65.87,63.77,7.8,768.4,27.5,80.9
pomegranate,Uttar Pradesh,29.46,43.82,43.0,7.2,768.7,32.4,79.9
grapes,Assam,25.27,48.55,50.2,7.4,690.4,33.2,76.8
mango,Chhattisgarh,39.19,23.15,38.19,6.5,1835.0,27.3,83.9
barley,Odisha,34.91,46.02,37.69,6.3,408.6,28.2,84.3
barley,Gujarat,46.38,21.86,27.54,6.9,426.6,21.8,67.5
sunflower,Andhra Pradesh,39.84,33.96,40.31,7.7,824.0,27.0,67.3
orange,Haryana,64.75,49.13,50.31,6.3,621.5,20.7,82.9
groundnut,Punjab,57.32,27.46,58.05,6.5,401.3,25.6,72.1
potato,Maharashtra,63.79,23.16,44.38,6.5,512.6,27.9,76.3
sunflower,Uttar Pradesh,56.2,52.15,39.37,6.2,809.9,25.2,66.2
rice,West Bengal,26.64,16.6,69.72,6.3,648.4,22.8,51.6
mustard,Chhattisgarh,42.61,44.56,50.89,7.6,1102.0,31.6,75.1
wheat,Rajasthan,79.33,36.75,69.34,7.1,823.7,28.1,89.7
grapes,Chhattisgarh,24.87,43.25,35.55,6.0,722.8,23.5,79.6
grapes,Madhya Pradesh,69.59,53.06,26.17,7.1,547.9,26.4,56.8
cotton,Bihar,94.32,54.65,56.51,6.7,1167.4,25.9,67.4
banana,Madhya Pradesh,39.61,19.11,70.24,6.2,1561.9,26.2,71.4
cotton,Chhattisgarh,51.41,71.06,67.23,6.6,1168.8,28.7,81.5
lentil,Andhra Pradesh,16.37,23.47,40.09,7.3,305.8,25.4,69.6
pomegranate,Karnataka,45.19,50.14,62.86,7.5,756.4,28.9,76.0
mango,Jharkhand,45.1,34.91,68.28,7.0,986.9,30.5,71.7
mango,Madhya Pradesh,42.41,16.0,47.33,7.4,1944.4,28.5,70.9
mustard,Maharashtra,27.06,45.54,24.89,8.0,705.3,31.6,65.3
barley,Haryana,29.6,20.84,62.21,7.8,1110.0,29.4,79.2
groundnut,Tamil Nadu,36.74,27.55,48.6,6.7,518.8,28.9,79.4
banana,Uttar Pradesh,35.9,20.94,48.5,7.0,1521.1,32.0,77.3
banana,Kerala,44.14,26.81,52.02,6.8,1295.7,27.0,78.2
rice,Bihar,23.34,42.44,32.04,6.6,672.5,22.2,61.9
banana,Maharashtra,55.47,24.93,46.05,7.2,1211.4,26.1,81.4
tomato,Bihar,35.81,33.31,34.88,6.1,750.6,26.7,69.5
mustard,Chhattisgarh,30.06,50.61,25.17,6.0,801.6,28.7,72.4
lentil,Tamil Nadu,19.42,34.98,21.5,7.8,334.8,21.3,63.8
sunflower,Jharkhand,42.24,34.56,35.82,7.8,855.2,31.4,79.4
cotton,Bihar,87.78,71.65,89.29,7.7,921.0,30.1,73.6
orange,Uttar Pradesh,22.56,31.08,50.32,6.9,999.2,25.4,74.0
coconut,Karnataka,52.48,28.64,44.18,6.4,1698.3,29.8,74.3
grapes,Rajasthan,55.76,53.29,39.22,7.0,1118.4,27.9,76.2
wheat,Gujarat,27.41,24.27,20.05,6.1,1479.6,23.6,76.5
coconut,Punjab,34.59,33.2,62.01,7.1,1723.7,34.8,81.5
wheat,Gujarat,58.91,18.08,64.87,6.2,895.1,32.2,73.9
apple,Andhra Pradesh,43.67,49.18,35.3,7.7,470.5,31.7,80.4
chickpea,Assam,22.91,24.96,36.2,7.3,554.1,17.6,54.2
pomegranate,Andhra Pradesh,36.1,37.39,58.61,7.3,748.3,34.3,76.6
lentil,Madhya Pradesh,25.83,27.77,16.58,7.6,348.5,18.9,60.6
lentil,Karnataka,28.02,24.99,26.39,7.4,687.9,24.5,68.5
banana,West Bengal,47.75,19.8,65.0,6.9,1523.0,29.9,80.6
chickpea,Rajasthan,15.93,44.16,20.57,6.6,474.5,23.6,58.8
pomegranate,Gujarat,37.35,52.31,61.52,7.0,662.3,31.1,56.1
lentil,Gujarat,35.57,21.23,16.49,7.4,325.2,19.2,63.5
pomegranate,Madhya Pradesh,50.71,24.46,41.76,6.9,459.9,21.6,80.1
coconut,West Bengal,35.85,27.62,69.59,6.1,1492.2,26.2,70.7
grapes,Andhra Pradesh,61.71,19.72,22.03,6.9,1075.2,23.9,67.7
wheat,Haryana,71.65,30.58,52.69,6.5,1155.5,33.3,59.3
grapes,Jharkhand,68.31,53.8,58.93,7.2,960.7,24.3,73.9
maize,Telangana,35.9,51.99,22.53,7.0,1130.2,29.2,71.4
mustard,Haryana,62.6,37.37,43.16,6.2,412.8,34.5,66.3
orange,Gujarat,23.99,42.32,61.97,7.2,500.9,28.7,78.0
barley,Maharashtra,46.87,22.68,52.37,6.5,653.0,32.7,69.3
groundnut,Andhra Pradesh,40.12,26.92,48.15,6.3,698.4,23.1,75.9
maize,Telangana,32.63,32.71,58.13,6.4,1161.7,25.1,84.6
tomato,Telangana,61.39,29.54,25.31,6.4,520.7,18.4,72.6
maize,Haryana,26.68,52.42,53.81,7.9,941.3,25.5,83.1
sugarcane,Uttar Pradesh,52.91,61.37,86.18,8.0,522.7,28.5,67.8
apple,West Bengal,35.22,54.32,48.92,7.4,1181.3,25.7,79.1
cotton,Tamil Nadu,92.17,39.03,87.38,6.8,728.4,36.3,69.8
potato,Odisha,35.91,28.75,57.35,6.2,515.7,22.4,75.0
banana,Telangana,58.62,36.64,60.97,7.0,820.0,28.4,85.9
sugarcane,Jharkhand,56.94,59.26,52.82,7.9,591.7,37.0,72.7
barley,Andhra Pradesh,35.54,35.58,58.56,6.9,687.8,28.0,76.5
sugarcane,Telangana,68.51,49.3,88.34,7.5,558.3,37.9,72.0
banana,Gujarat,46.49,25.43,74.5,6.3,1791.8,30.6,71.1
coconut,Maharashtra,42.05,27.57,72.78,7.0,1538.1,26.8,80.3
grapes,Odisha,30.07,15.38,23.39,6.8,1056.4,20.1,68.7
potato,Odisha,27.36,33.51,33.92,6.4,682.2,24.3,66.9
banana,Karnataka,49.08,34.15,38.56,6.1,823.3,26.9,78.3
tomato,Madhya Pradesh,45.57,28.71,44.67,6.1,643.8,24.8,76.9
sugarcane,Gujarat,63.35,74.37,84.7,7.0,930.5,38.9,84.1
grapes,Madhya Pradesh,33.93,53.35,26.43,7.2,626.0,24.2,67.1
rice,Odisha,23.3,41.03,24.13,6.2,995.6,27.7,60.4
grapes,Gujarat,24.35,27.13,63.5,7.9,667.9,28.6,82.3
banana,Punjab,58.13,31.99,60.66,6.9,1930.8,32.9,70.5
wheat,Rajasthan,64.92,24.59,63.36,7.4,813.0,33.2,53.9
sugarcane,Madhya Pradesh,47.75,32.89,82.25,6.6,690.2,26.6,67.4
onion,Gujarat,31.0,45.56,53.6,6.0,758.3,18.3,68.6
cotton,Odisha,88.6,41.91,51.22,7.3,682.6,25.1,76.2
orange,Chhattisgarh,62.24,18.18,51.81,7.3,1098.0,23.7,68.5
wheat,Karnataka,43.33,20.91,33.12,6.9,1246.4,21.9,74.0
mango,Maharashtra,45.42,32.25,72.69,6.5,1866.8,26.6,73.5
coconut,Madhya Pradesh,33.19,35.54,41.25,7.1,857.5,34.5,84.2
onion,Madhya Pradesh,59.37,35.42,52.28,6.5,656.4,27.4,71.1
potato,Karnataka,55.46,21.92,45.86,6.7,484.4,28.1,65.5
mango,Maharashtra,43.81,20.44,41.02,7.4,887.2,27.0,77.0
groundnut,Odisha,47.24,20.03,33.04,6.5,570.8,26.2,76.1
mustard,Madhya Pradesh,68.82,53.19,56.01,6.5,454.4,24.8,63.0
lentil,Andhra Pradesh,12.74,42.4,15.38,7.5,373.1,18.0,62.7
wheat,Odisha,44.55,29.82,54.67,7.1,873.7,32.2,61.8
lentil,Maharashtra,30.79,49.62,21.75,7.5,543.9,26.9,53.1
tomato,Telangana,50.62,20.06,34.12,6.5,688.9,20.1,73.2
grapes,Punjab,42.23,16.08,40.22,6.6,1143.7,21.9,74.6
wheat,Chhattisgarh,46.77,39.93,34.9,6.7,747.2,24.6,74.8
soybean,Punjab,64.99,40.14,39.74,6.1,799.6,31.5,63.0
mango,Assam,37.55,35.59,38.84,7.3,1399.0,28.0,75.3
coconut,Gujarat,53.85,19.08,39.69,6.2,1852.6,30.3,79.3
maize,Karnataka,61.41,40.04,23.39,6.2,439.4,23.9,59.1
pomegranate,Madhya Pradesh,39.33,47.85,63.63,6.9,805.6,28.6,83.0
orange,Karnataka,69.88,25.54,32.56,7.9,419.7,30.5,76.8
pomegranate,Karnataka,68.72,54.02,22.94,7.6,917.0,29.7,58.9
groundnut,Uttar Pradesh,65.59,32.57,21.8,6.7,1061.1,30.5,68.8
maize,Tamil Nadu,41.34,33.76,61.78,7.3,649.3,27.9,57.0
soybean,Telangana,38.0,34.11,35.99,7.4,929.8,30.7,63.0
tomato,Maharashtra,30.64,39.67,26.39,6.6,747.9,28.7,71.7
chickpea,Punjab,30.12,44.64,22.34,7.1,635.5,26.4,54.9
pomegranate,Karnataka,29.62,19.08,61.0,7.6,1008.0,20.7,80.3
mango,Telangana,47.48,32.09,68.89,7.1,1843.5,26.9,78.0
groundnut,Tamil Nadu,62.02,15.7,22.21,7.1,1055.6,24.9,65.5
mustard,Jharkhand,51.28,38.23,53.38,7.4,564.7,25.3,58.8
sunflower,Punjab,53.81,49.34,63.32,7.3,547.3,21.6,79.4
soybean,Punjab,23.54,41.42,56.41,7.3,797.8,34.3,64.0
rice,Jharkhand,45.92,16.49,67.7,6.3,1310.0,31.6,58.7
lentil,Odisha,37.45,26.35,19.33,7.6,500.2,26.9,52.9
banana,Assam,34.7,32.09,61.72,7.1,1171.4,29.5,78.1
onion,Bihar,38.15,28.84,37.41,6.6,500.9,29.0,69.0
rice,Maharashtra,76.84,24.25,50.68,6.3,1091.1,30.3,57.6
mustard,Uttar Pradesh,43.45,17.84,56.82,6.7,859.7,27.7,70.4
maize,Bihar,56.68,48.6,44.52,6.2,589.5,22.5,58.7
mango,Punjab,50.31,32.07,63.29,6.4,846.8,29.6,87.8
apple,Tamil Nadu,41.24,28.67,28.25,6.0,773.6,30.3,61.8
barley,Punjab,25.35,46.23,60.96,6.8,904.5,26.5,68.1
cotton,Maharashtra,85.73,76.81,87.04,6.8,1112.3,36.1,66.3
sugarcane,Chhattisgarh,56.08,75.61,71.66,7.6,680.0,35.8,60.7
sugarcane,Chhattisgarh,67.46,34.78,84.91,7.9,1185.9,38.0,64.3
soybean,Odisha,48.98,51.5,27.98,6.0,1044.4,21.2,67.4
rice,Maharashtra,25.04,49.65,51.51,7.5,909.9,20.9,79.4
cotton,Chhattisgarh,56.3,70.8,58.92,6.6,739.6,39.7,75.7
apple,Odisha,65.31,20.51,22.45,6.0,514.9,29.9,76.8
barley,Punjab,32.19,27.24,41.74,6.1,888.9,34.8,65.8
wheat,Maharashtra,50.0,20.75,49.11,6.4,631.0,29.5,84.4
soybean,Bihar,39.51,50.64,56.61,7.4,599.0,33.7,59.6
sugarcane,Andhra Pradesh,41.73,62.19,53.86,7.2,741.7,27.6,75.5
wheat,Assam,77.58,53.32,63.19,6.6,1286.1,22.2,50.3
tomato,Chhattisgarh,25.34,32.68,50.13,6.4,692.9,20.8,77.2
lentil,Andhra Pradesh,17.1,38.84,39.9,7.1,403.3,26.3,63.4
rice,Bihar,62.07,17.51,65.59,7.1,1056.7,26.6,55.2
wheat,Jharkhand,72.14,55.7,20.04,6.9,1247.4,29.3,53.3
soybean,Kerala,36.77,53.09,43.99,7.3,834.4,21.9,66.3
mango,Odisha,43.76,19.54,48.61,6.1,1362.0,33.5,88.7
wheat,Haryana,51.04,18.79,69.23,7.0,856.9,28.8,54.4
groundnut,Tamil Nadu,28.74,40.92,31.05,7.4,1021.5,30.1,73.4
mango,Gujarat,32.36,23.27,46.17,7.5,1267.3,32.3,83.7
sunflower,Haryana,51.76,16.66,29.31,7.9,692.9,21.6,76.1
apple,Punjab,33.44,54.92,58.62,6.8,1184.2,29.8,77.3
coconut,Uttar Pradesh,33.65,30.83,75.46,6.9,960.8,26.2,86.9
soybean,Gujarat,44.19,50.9,60.85,6.2,1149.2,32.4,78.7
sunflower,Maharashtra,34.46,53.09,22.24,6.3,830.1,28.6,74.4
maize,Bihar,27.15,15.56,45.51,7.9,932.8,32.3,55.4
mustard,Madhya Pradesh,53.37,20.02,54.45,6.4,658.8,32.3,71.1
maize,Odisha,30.65,39.31,23.77,7.3,1010.0,28.8,63.0
barley,Haryana,51.12,52.38,29.29,7.5,1093.2,27.8,75.1
coconut,Chhattisgarh,37.82,22.42,35.03,7.4,1901.1,32.6,71.6
lentil,Tamil Nadu,13.06,20.48,33.49,7.9,661.1,24.1,51.9
maize,Telangana,55.68,49.95,25.71,7.7,874.9,21.9,67.8
mango,Kerala,47.44,16.97,43.63,6.7,1233.8,28.6,80.6
apple,Karnataka,37.05,47.22,35.24,6.1,843.4,28.8,83.0
orange,Jharkhand,65.89,51.33,47.21,7.1,846.0,34.7,78.2
chickpea,Telangana,15.07,33.82,24.21,6.6,429.3,22.1,61.0
lentil,Haryana,23.42,48.97,26.32,6.9,397.4,21.0,65.2
wheat,Tamil Nadu,62.56,15.95,40.95,7.2,904.9,28.5,58.2
wheat,Assam,23.14,53.36,29.91,7.3,917.3,30.8,62.8
onion,Jharkhand,48.36,27.03,29.32,6.1,633.3,26.8,69.8
grapes,Chhattisgarh,26.36,51.59,42.21,6.9,430.4,30.9,70.8
pomegranate,Haryana,39.17,48.49,58.94,7.2,982.0,21.7,72.6
chickpea,Maharashtra,16.02,46.4,20.85,7.0,548.2,23.3,64.0
soybean,Bihar,43.57,54.24,53.32,6.2,1005.2,21.4,55.8
onion,Haryana,69.71,25.25,48.54,6.2,689.9,24.1,75.2
pomegranate,West Bengal,56.17,20.44,57.62,6.3,640.9,23.7,66.2
sugarcane,Kerala,67.0,40.24,68.33,7.5,711.8,31.9,67.0
banana,Bihar,34.79,37.14,35.45,7.3,1486.0,28.3,84.5
banana,Karnataka,33.3,24.74,45.85,6.0,1232.1,25.9,75.1
maize,Madhya Pradesh,59.14,52.5,51.14,6.3,594.8,32.6,61.3
tomato,Karnataka,43.11,47.6,47.76,6.1,779.1,21.1,70.1
mango,Andhra Pradesh,44.9,18.08,53.04,6.5,1727.4,33.0,73.1
groundnut,Assam,20.77,46.22,36.27,6.8,1047.5,25.7,56.4
pomegranate,Chhattisgarh,67.8,17.82,35.97,7.0,794.6,20.1,70.0
barley,West Bengal,68.6,21.37,35.94,6.8,712.6,30.0,61.5
wheat,West Bengal,63.75,37.51,40.76,6.3,768.8,20.2,53.7
apple,Karnataka,28.7,28.5,20.81,6.8,839.9,29.3,74.9
barley,Kerala,30.77,19.82,58.32,6.3,1179.8,32.6,70.0
orange,Madhya Pradesh,24.87,27.12,48.72,6.7,1142.7,21.0,71.5
wheat,Gujarat,59.16,26.5,38.23,7.3,775.4,32.4,72.5
rice,Bihar,43.04,35.0,27.08,6.2,1081.9,21.3,62.1
cotton,Chhattisgarh,97.1,45.99,83.4,7.8,745.1,26.2,78.1
sunflower,Bihar,55.16,15.87,48.4,6.3,852.5,27.6,55.4
wheat,Assam,68.53,31.28,46.21,7.0,842.5,24.2,87.3
mustard,Maharashtra,21.46,39.72,42.93,7.1,687.5,21.2,60.8
banana,Tamil Nadu,42.26,26.67,37.37,6.1,1660.6,30.4,80.2
sunflower,Karnataka,26.29,31.58,54.31,7.8,931.9,21.6,75.2
soybean,Bihar,60.29,48.01,59.07,6.8,958.3,24.0,85.0
groundnut,Gujarat,20.51,20.95,54.91,6.9,758.0,34.3,82.6
mustard,Rajasthan,62.42,51.24,44.37,7.3,605.5,32.0,74.0
tomato,Assam,27.7,47.48,46.54,6.2,642.6,26.1,72.9
pomegranate,Odisha,61.38,53.71,60.04,7.2,824.0,20.4,62.4
groundnut,Karnataka,51.43,37.29,53.42,6.6,852.0,21.3,67.4
rice,Kerala,28.43,34.93,48.07,7.3,999.3,33.8,67.6
mango,Telangana,31.79,37.21,49.81,6.5,1414.5,34.4,71.0
lentil,Gujarat,15.69,23.77,24.33,7.8,610.0,24.6,65.9
soybean,Gujarat,43.26,17.33,31.8,6.9,525.5,34.2,78.0
grapes,Bihar,32.61,34.63,23.4,7.2,932.7,25.7,83.6
coconut,Kerala,51.41,21.31,64.56,6.3,972.8,35.0,82.4
rice,Gujarat,70.47,59.86,41.52,6.5,1416.0,22.9,74.6
cotton,Madhya Pradesh,81.11,79.09,74.56,7.8,1163.7,32.3,77.6
mustard,Gujarat,37.83,25.46,62.6,7.5,575.7,26.7,78.9
potato,Assam,66.61,35.51,29.1,6.5,450.7,25.1,72.2
apple,Assam,29.74,34.65,62.77,6.8,739.5,30.7,73.1
onion,Karnataka,43.49,26.53,58.81,6.1,548.7,18.3,68.3
banana,Karnataka,32.4,26.86,35.45,6.1,1769.2,32.7,88.3
apple,West Bengal,66.16,23.27,59.33,6.1,472.7,32.8,73.9
wheat,Karnataka,78.85,22.01,31.28,6.3,1313.3,22.8,52.7
banana,Gujarat,52.06,17.0,51.18,7.3,1079.1,26.2,76.5
groundnut,Karnataka,63.4,34.99,22.76,7.4,898.7,34.6,71.8
groundnut,Tamil Nadu,24.31,37.37,42.63,6.3,753.7,25.0,70.7
grapes,Uttar Pradesh,20.42,45.44,52.09,6.7,442.3,31.3,83.7
pomegranate,Jharkhand,36.18,22.35,45.96,6.3,685.0,30.5,71.8
maize,Karnataka,20.29,18.14,59.66,6.2,965.4,33.8,63.1
tomato,Haryana,64.68,48.26,50.88,6.1,667.7,22.9,72.1
rice,Maharashtra,31.46,50.57,42.7,6.5,945.6,32.8,80.0
coconut,Kerala,30.87,34.23,75.59,6.7,1460.8,34.4,74.2
wheat,West Bengal,35.5,51.84,64.98,7.2,775.8,21.3,74.2
maize,Madhya Pradesh,53.64,36.22,49.83,7.2,738.2,23.0,64.2
soybean,Madhya Pradesh,44.25,36.63,56.83,6.3,1046.3,30.4,71.7
groundnut,Karnataka,40.6,20.54,49.96,7.0,911.5,25.1,82.2
potato,West Bengal,45.24,42.69,52.79,6.5,757.9,21.2,71.2
grapes,West Bengal,29.48,50.69,39.39,6.4,750.4,26.1,67.9
grapes,Punjab,46.06,20.99,22.95,7.5,847.8,25.4,79.3
pomegranate,Rajasthan,36.6,44.78,26.84,6.3,676.5,32.1,62.4
mustard,Telangana,51.69,25.13,44.99,7.1,924.3,23.5,80.9
chickpea,Maharashtra,25.89,32.03,23.92,7.5,383.1,25.4,66.1
lentil,Assam,18.51,28.52,29.47,7.6,443.5,22.9,57.6
banana,Karnataka,30.12,20.68,53.29,7.3,1758.2,27.7,74.9
tomato,Odisha,29.43,26.96,49.81,6.8,742.8,23.0,66.3
barley,Karnataka,43.43,38.65,59.91,7.8,996.6,20.5,72.3
orange,Andhra Pradesh,24.49,53.46,56.33,6.9,578.9,34.0,65.3
sugarcane,Maharashtra,73.79,77.19,40.19,6.9,1156.9,27.6,62.8
cotton,Karnataka,68.63,79.73,73.96,6.6,1195.0,31.1,67.2
orange,Tamil Nadu,49.37,21.97,63.33,6.4,542.0,33.7,69.0
banana,Uttar Pradesh,34.79,19.1,47.83,7.2,1886.9,34.8,74.6
barley,Andhra Pradesh,36.41,19.51,59.15,7.3,531.8,26.4,63.6
onion,Maharashtra,45.4,49.68,26.92,6.4,592.8,24.0,69.7
grapes,West Bengal,58.92,52.65,58.78,7.1,728.2,25.0,58.7
mustard,Uttar Pradesh,54.42,25.39,31.46,8.0,550.3,22.2,58.0
sunflower,Bihar,51.39,29.61,44.09,7.6,1054.5,34.4,79.7
mustard,Chhattisgarh,58.7,17.08,20.58,7.6,781.7,22.0,62.1
orange,Haryana,55.49,34.29,43.41,8.0,1172.6,23.2,79.3
wheat,West Bengal,27.47,58.3,34.5,7.3,948.9,24.8,87.4
maize,Chhattisgarh,39.51,19.24,50.17,6.6,868.5,28.9,76.6
wheat,Tamil Nadu,39.86,52.69,35.49,6.8,961.1,32.8,67.3
groundnut,Jharkhand,54.49,39.1,24.83,7.0,988.4,34.9,73.9
groundnut,West Bengal,46.62,27.13,37.68,6.4,862.5,34.4,70.1
mustard,Punjab,62.8,32.39,28.68,6.4,1015.0,24.0,78.0
potato,West Bengal,39.48,33.96,58.01,6.9,482.7,22.3,67.2
wheat,Bihar,47.63,55.53,66.5,6.6,1042.6,33.4,82.3
onion,Chhattisgarh,43.98,26.89,31.99,6.0,657.3,21.2,65.8
banana,Rajasthan,54.06,36.29,56.74,6.6,1973.4,27.0,74.3
barley,Kerala,28.64,30.17,60.99,7.2,729.6,34.0,56.5
pomegranate,Rajasthan,47.47,41.25,37.2,6.6,977.6,32.9,74.6
groundnut,Jharkhand,43.76,27.69,54.48,7.0,648.0,32.2,81.0
coconut,Assam,46.99,34.08,41.14,6.3,1859.0,25.2,85.1
chickpea,Andhra Pradesh,12.79,34.04,41.63,7.5,465.5,18.8,57.5
banana,Uttar Pradesh,59.07,38.33,74.18,6.6,1629.6,34.0,87.0
barley,Karnataka,25.62,18.03,45.97,7.3,1079.9,24.4,60.0
grapes,Punjab,45.43,43.84,35.87,6.7,778.1,33.2,56.2
tomato,Telangana,41.6,45.64,53.08,6.3,677.6,19.9,78.4
barley,Tamil Nadu,42.78,43.23,56.94,6.5,929.1,25.9,66.1
apple,Assam,46.68,15.01,30.86,6.4,600.4,32.1,63.4
wheat,Telangana,34.48,18.53,37.82,7.1,1095.6,32.3,88.4
potato,Odisha,52.17,34.8,26.4,7.0,553.4,19.8,75.0
onion,Rajasthan,51.36,37.6,40.6,6.8,506.0,23.4,73.1
grapes,Gujarat,49.54,35.23,20.81,7.9,462.7,30.3,78.6
sunflower,Uttar Pradesh,26.77,32.9,57.32,6.6,774.2,24.1,68.9
coconut,Uttar Pradesh,43.65,28.9,53.18,6.7,818.2,27.8,78.7
barley,Assam,21.71,34.9,26.97,6.4,692.0,26.5,73.7
pomegranate,West Bengal,60.28,17.33,61.45,7.7,856.9,20.1,62.7
grapes,Assam,43.0,26.91,21.48,7.2,819.3,24.2,56.1
potato,Uttar Pradesh,30.72,30.7,45.74,6.8,417.5,20.8,78.3
tomato,Gujarat,34.06,48.77,46.47,6.3,426.8,18.3,68.7
coconut,Karnataka,51.72,20.3,39.73,7.0,990.1,32.9,76.2
barley,Tamil Nadu,20.54,43.04,25.1,7.5,793.5,31.8,72.5
rice,Telangana,24.19,36.54,28.62,7.1,1420.4,28.3,71.1
orange,West Bengal,65.89,22.9,64.29,7.5,1019.4,29.8,69.1
grapes,Punjab,66.68,43.8,53.92,6.4,754.4,29.3,78.1
rice,Punjab,36.22,52.02,45.92,6.7,883.0,28.7,79.2
mango,Tamil Nadu,48.33,30.6,40.94,7.1,1131.1,34.0,86.4
apple,Odisha,69.58,45.82,29.47,7.0,586.9,26.1,78.4
sugarcane,West Bengal,68.68,53.57,48.79,6.7,678.3,38.7,62.8
mango,Uttar Pradesh,35.29,35.32,59.38,6.2,1719.4,34.3,88.9
barley,Karnataka,45.92,19.5,62.03,6.4,602.2,26.1,66.5
groundnut,Punjab,28.54,25.69,42.91,6.3,889.3,28.5,76.4
grapes,Karnataka,65.61,52.84,31.01,6.3,641.8,33.4,84.2
potato,West Bengal,29.95,48.42,39.82,6.0,577.0,18.6,73.2
cotton,Kerala,79.71,51.7,80.97,7.9,583.8,33.0,67.1
soybean,Karnataka,63.14,21.52,56.56,7.7,1131.5,24.0,82.1
onion,Jharkhand,27.27,21.32,50.21,6.4,502.5,20.3,75.0
mustard,Maharashtra,29.57,30.45,41.82,6.7,656.6,34.5,74.2
groundnut,West Bengal,41.51,50.0,33.57,6.2,1006.7,29.1,72.1
mustard,Uttar Pradesh,46.37,47.99,58.55,7.9,1159.9,28.3,65.2
soybean,Uttar Pradesh,44.64,21.43,64.02,6.3,790.0,25.5,74.2
banana,Kerala,38.24,37.19,36.83,7.4,1799.6,28.0,85.8
mango,Maharashtra,59.01,28.16,48.65,6.5,879.7,34.9,70.8
wheat,Uttar Pradesh,39.24,54.04,31.63,6.9,962.4,23.1,82.5
orange,West Bengal,53.08,24.45,24.4,7.2,842.9,22.8,56.7
sunflower,West Bengal,59.18,51.88,28.78,7.9,514.1,27.6,79.9
banana,Odisha,33.85,18.07,62.88,7.0,1732.8,30.6,82.9
cotton,Rajasthan,49.73,79.25,43.8,7.5,623.3,35.8,77.6
rice,Gujarat,52.44,53.23,44.01,6.6,1043.9,28.7,57.6
coconut,Punjab,45.57,22.45,54.01,6.4,1115.6,26.6,77.3
mustard,Karnataka,24.46,32.24,27.87,8.0,848.9,30.3,64.8
rice,Kerala,78.55,27.88,41.19,7.0,622.2,32.2,71.5
pomegranate,Bihar,60.63,20.14,20.83,7.4,641.1,29.4,59.5
orange,Maharashtra,49.25,35.53,42.31,6.7,456.9,21.3,68.0
mustard,Gujarat,45.81,27.19,50.96,7.7,639.1,22.9,58.5
tomato,Assam,56.05,31.71,39.55,6.5,547.1,19.2,69.6
barley,West Bengal,53.29,26.45,40.7,6.4,568.3,20.3,81.9
maize,Uttar Pradesh,21.76,51.47,54.89,6.9,1002.9,34.3,78.2
pomegranate,Tamil Nadu,32.8,41.03,25.23,7.1,749.7,24.0,73.1
potato,Assam,38.08,49.51,58.63,6.3,798.5,28.1,74.2
sunflower,Gujarat,38.67,30.34,57.65,7.3,891.3,25.0,79.5
soybean,Telangana,21.0,38.3,51.45,7.7,512.1,28.2,55.2
mango,Punjab,51.76,17.03,67.24,6.4,1853.3,33.1,89.2
groundnut,Odisha,36.84,37.78,58.75,6.2,458.1,32.8,61.4
tomato,Assam,49.43,44.99,29.38,6.1,622.7,29.4,71.2
orange,Uttar Pradesh,66.52,48.48,64.8,6.0,490.3,29.1,79.6
grapes,West Bengal,31.96,46.48,22.54,6.7,804.6,28.4,76.9
sunflower,Haryana,56.17,25.96,58.07,6.9,617.8,25.8,80.1
orange,Bihar,42.81,34.69,21.65,6.4,1061.4,32.5,63.8
rice,Punjab,66.31,33.81,57.42,7.4,1013.1,23.6,87.7
grapes,Haryana,25.26,37.91,42.53,7.7,824.6,23.8,75.3
mustard,Rajasthan,46.43,47.42,53.1,7.3,490.7,30.8,70.0
lentil,Bihar,37.6,21.65,39.62,6.6,446.9,22.0,53.0
onion,Telangana,25.38,25.06,45.33,6.7,766.7,26.5,75.1
pomegranate,Tamil Nadu,53.8,43.23,42.02,6.8,577.7,32.4,73.3
lentil,Madhya Pradesh,38.32,21.44,40.51,8.0,654.8,25.5,57.5
maize,Andhra Pradesh,28.8,46.46,34.06,7.8,1072.5,32.7,78.1
barley,Madhya Pradesh,60.29,39.1,33.31,7.8,1072.5,27.1,56.2
coconut,Gujarat,52.33,39.28,54.71,7.3,1479.0,26.6,83.8
orange,Chhattisgarh,38.64,20.82,38.27,6.2,861.5,20.6,70.8
sunflower,Haryana,61.89,50.31,61.49,6.2,503.0,28.4,81.8
mustard,Telangana,22.31,29.23,29.58,7.5,912.2,21.8,69.5
grapes,Punjab,58.95,15.8,60.07,7.1,1049.5,32.1,60.7
pomegranate,Odisha,56.06,21.26,58.25,7.5,1073.5,24.5,64.5
soybean,Telangana,56.32,48.43,38.68,7.5,539.7,24.8,84.2
mango,Rajasthan,47.34,33.73,78.41,6.1,864.1,34.4,80.6
cotton,Assam,68.95,34.68,78.4,7.6,718.2,29.6,80.9
onion,Haryana,51.68,48.08,48.73,6.4,675.8,22.1,69.2
rice,Maharashtra,65.05,44.01,37.76,6.1,628.0,28.3,80.5
apple,Tamil Nadu,21.67,29.67,30.67,6.9,457.9,34.3,61.7
wheat,Odisha,58.39,17.46,40.37,6.3,698.7,28.5,87.1
soybean,Telangana,41.08,43.3,40.82,7.6,543.7,34.4,66.6
wheat,Telangana,72.48,40.37,45.82,7.1,1121.9,22.4,77.0
apple,Chhattisgarh,49.97,21.85,53.37,6.6,929.9,22.4,75.6
potato,Madhya Pradesh,36.12,42.45,34.17,6.9,756.7,20.4,74.2
tomato,Odisha,42.62,41.4,48.08,6.6,513.0,22.5,66.5
barley,Uttar Pradesh,34.93,51.95,30.34,7.5,904.4,31.2,68.1
onion,Punjab,53.46,28.65,47.35,6.3,517.5,22.8,77.8
mustard,Uttar Pradesh,39.6,25.54,62.96,7.2,1147.2,23.1,59.4
soybean,Gujarat,29.33,25.77,56.03,6.9,936.4,24.8,66.4
mango,Gujarat,55.33,20.98,53.68,6.9,1377.4,29.6,77.3
wheat,Uttar Pradesh,59.2,18.17,51.55,7.4,1086.9,30.7,72.3
cotton,Gujarat,96.65,46.8,68.03,6.6,640.3,31.2,65.2
soybean,Assam,42.78,39.23,51.13,6.8,1095.3,28.5,68.2
cotton,Bihar,67.88,71.04,70.73,7.7,845.8,26.8,60.3
onion,Tamil Nadu,36.25,45.1,42.93,6.1,628.4,22.9,74.9
chickpea,Bihar,22.28,28.7,15.44,7.4,460.9,19.9,53.7
mango,Chhattisgarh,59.53,22.44,61.99,7.2,1699.0,28.3,82.2
barley,Kerala,20.77,32.43,30.09,6.8,732.8,31.2,57.8
cotton,Odisha,89.36,40.5,59.7,7.0,780.1,27.3,72.6
cotton,Odisha,69.44,72.44,75.3,7.2,680.4,38.3,74.4
apple,Odisha,43.93,16.79,33.93,6.6,1048.9,21.3,79.2
soybean,Bihar,46.87,16.97,20.11,6.5,944.5,21.8,58.4
grapes,Madhya Pradesh,52.39,43.48,28.03,6.2,1152.3,23.9,80.6
pomegranate,Assam,24.75,18.8,52.77,6.6,1181.9,20.6,68.4
apple,Odisha,49.26,29.37,41.39,6.7,912.8,33.5,59.9
banana,Gujarat,59.06,39.8,70.54,7.0,1214.9,26.7,71.6
barley,Madhya Pradesh,64.69,36.19,50.12,7.7,520.2,20.6,81.4
grapes,Karnataka,43.42,38.93,21.39,6.5,426.2,26.3,81.9
apple,Haryana,65.29,35.65,26.92,7.8,1006.0,31.0,76.3
maize,Haryana,54.41,23.79,39.74,7.6,1027.2,26.8,78.8
potato,Gujarat,52.39,36.8,58.64,6.6,503.8,21.5,75.6
mango,West Bengal,40.36,39.78,39.59,6.6,874.9,33.2,71.8
wheat,Kerala,46.89,43.65,31.06,7.0,1295.0,27.1,74.7
onion,Gujarat,65.23,34.94,54.46,6.8,564.2,20.8,71.1
maize,Andhra Pradesh,61.08,17.38,47.49,6.8,1035.1,33.1,80.5
cotton,Chhattisgarh,56.14,70.59,66.67,6.6,819.9,39.1,82.2
apple,Uttar Pradesh,25.04,43.3,21.4,7.7,510.9,21.9,60.3
lentil,Odisha,33.21,30.75,20.5,7.5,431.1,26.2,52.5
sugarcane,Assam,50.19,78.28,40.74,7.2,733.4,31.7,74.3
wheat,Bihar,44.89,47.97,54.29,7.2,825.0,29.1,73.4
barley,West Bengal,44.3,27.55,26.38,6.4,484.4,30.2,74.8
rice,Madhya Pradesh,23.12,54.79,63.13,6.7,1127.3,34.6,71.3
cotton,West Bengal,51.46,52.04,69.24,7.7,1191.8,30.8,61.2
sugarcane,Karnataka,97.74,51.4,49.87,7.4,979.3,26.9,79.7
onion,Jharkhand,46.72,29.93,50.91,6.3,730.7,25.1,76.9
pomegranate,Bihar,69.25,16.15,35.22,6.2,609.8,32.6,56.0
wheat,Tamil Nadu,54.03,40.25,43.76,7.2,720.2,24.7,74.6
orange,West Bengal,63.77,31.62,38.12,6.1,840.9,30.6,58.4
barley,Chhattisgarh,61.19,19.13,62.44,7.6,545.0,30.7,66.5
chickpea,Kerala,33.5,48.88,18.8,7.1,492.4,19.9,57.3
apple,Haryana,69.33,39.77,49.29,6.4,592.2,29.9,82.3
rice,Andhra Pradesh,31.88,21.04,22.82,7.3,865.2,20.0,59.0
onion,Gujarat,31.72,27.23,57.76,6.5,545.9,28.5,70.9
maize,Chhattisgarh,30.36,30.11,34.25,7.4,631.7,28.7,57.0
soybean,Haryana,66.54,19.44,38.28,7.5,748.2,34.2,69.0
groundnut,West Bengal,60.54,54.24,61.69,7.8,985.3,25.5,58.2
apple,Assam,34.76,44.34,59.21,6.4,478.1,33.5,65.5
cotton,West Bengal,98.53,68.07,61.17,6.5,719.3,32.9,68.1
pomegranate,Maharashtra,25.09,16.97,20.24,6.7,928.3,31.0,68.6
barley,Maharashtra,38.0,41.71,21.83,6.8,1032.7,32.0,76.5
grapes,Rajasthan,40.64,49.39,31.33,8.0,891.0,31.9,57.6
lentil,Telangana,11.04,29.6,32.9,7.4,492.1,25.6,51.3
sunflower,Bihar,23.48,38.56,43.43,7.5,807.8,26.3,66.9
rice,Punjab,40.13,58.92,63.68,6.5,1129.0,32.7,67.7
onion,Odisha,65.39,33.41,40.29,6.8,437.3,24.3,77.5
cotton,Andhra Pradesh,81.9,40.39,41.01,7.2,859.6,28.6,63.1
rice,Gujarat,65.86,59.69,57.92,7.2,1154.8,34.8,75.6
mango,Haryana,41.87,22.47,74.01,7.1,1829.3,29.9,72.6
tomato,Tamil Nadu,44.86,21.95,53.89,6.1,761.2,28.4,72.0
soybean,Maharashtra,60.15,32.27,55.36,6.9,1152.8,27.3,68.9
chickpea,Telangana,26.63,25.39,29.03,8.0,601.2,25.5,50.7
groundnut,Punjab,52.33,48.2,22.22,7.7,838.7,23.0,64.5
chickpea,Tamil Nadu,25.93,21.55,19.76,7.7,353.0,18.0,59.1
pomegranate,Rajasthan,58.18,32.89,55.54,7.2,490.5,22.3,68.1
barley,Chhattisgarh,49.04,30.53,27.68,6.5,860.4,26.4,70.4
mustard,Gujarat,61.48,37.5,50.19,7.4,633.2,27.1,83.7
mustard,Madhya Pradesh,68.48,44.85,27.9,6.1,862.1,25.4,63.3
coconut,Maharashtra,44.97,38.29,61.25,6.8,1345.4,27.1,70.1
pomegranate,Chhattisgarh,45.49,30.2,40.18,8.0,680.2,26.8,59.0
grapes,Andhra Pradesh,48.53,45.43,26.74,7.1,602.9,23.4,55.3
sugarcane,Andhra Pradesh,47.01,79.29,55.43,6.7,639.4,33.8,61.6
tomato,Kerala,33.63,30.01,50.47,6.7,428.7,27.0,65.8
onion,Gujarat,56.01,36.95,55.05,6.1,714.3,26.1,66.7
apple,Odisha,67.25,20.66,48.93,6.8,1165.5,24.9,83.9
tomato,Jharkhand,48.97,39.16,58.37,6.1,523.5,25.3,79.5
rice,Gujarat,36.92,34.96,28.56,7.3,1234.4,21.3,76.0
pomegranate,Karnataka,67.81,15.12,31.16,7.9,1145.7,30.8,78.0
groundnut,Andhra Pradesh,45.69,24.26,28.15,7.6,508.0,27.0,83.2
rice,Punjab,79.66,40.0,28.51,6.5,982.0,24.6,61.2
onion,Madhya Pradesh,25.02,37.89,57.06,6.3,474.2,25.8,75.7
onion,Karnataka,39.37,27.57,58.46,6.9,582.9,28.2,71.8
pomegranate,Maharashtra,41.32,36.5,21.01,6.9,1025.1,30.2,74.1
groundnut,Assam,20.9,37.28,55.43,7.1,659.1,22.0,81.6
grapes,Punjab,63.91,38.43,50.34,7.6,927.3,26.0,70.4
grapes,Assam,38.68,30.52,24.31,7.8,472.8,29.7,67.4
sunflower,West Bengal,53.98,17.68,46.72,7.5,1062.6,22.6,81.9
pomegranate,Bihar,34.64,18.17,41.95,6.6,561.7,34.3,68.3
sugarcane,Punjab,56.84,79.97,53.4,7.0,961.5,29.4,65.4
mango,Haryana,56.55,20.54,55.86,6.7,1848.3,32.6,80.3
barley,Haryana,62.37,15.38,38.13,7.8,992.3,28.1,70.9
potato,Jharkhand,48.42,39.66,39.64,6.7,744.5,19.9,71.8
orange,Assam,23.98,34.52,26.97,6.7,663.4,26.4,72.1
apple,Kerala,67.52,53.33,24.4,6.0,528.9,34.9,60.4
cotton,Chhattisgarh,41.22,60.22,53.85,7.8,698.4,35.3,76.9
orange,Uttar Pradesh,47.13,54.14,56.45,7.1,1157.6,27.6,81.6
